<?xml version="1.0" encoding="UTF-8"?>
<project-private xmlns="http://www.netbeans.org/ns/project-private/1">
    <editor-bookmarks xmlns="http://www.netbeans.org/ns/editor-bookmarks/2" lastBookmarkId="0"/>
    <open-files xmlns="http://www.netbeans.org/ns/projectui-open-files/2">
        <group>
            <file>file:/Users/verenka/Downloads/Webframes/FrontendWebF/src/conf/xml-resources/web-service-references/WebServices/wsdl/localhost_8080/BackendWebF/WebServices.wsdl</file>
            <file>file:/Users/verenka/Downloads/Webframes/FrontendWebF/web/courselistAll.xhtml</file>
            <file>file:/Users/verenka/Downloads/Webframes/FrontendWebF/web/newCourse.xhtml</file>
            <file>file:/Users/verenka/Downloads/Webframes/FrontendWebF/src/java/webf/beans/ws/Login.java</file>
            <file>file:/Users/verenka/Downloads/Webframes/FrontendWebF/web/courselist_teacher.xhtml</file>
            <file>file:/Users/verenka/Downloads/Webframes/FrontendWebF/web/courselist_student.xhtml</file>
            <file>file:/Users/verenka/Downloads/Webframes/FrontendWebF/web/WEB-INF/faces-config.xml</file>
            <file>file:/Users/verenka/Downloads/Webframes/FrontendWebF/web/coursedetail.xhtml</file>
        </group>
    </open-files>
</project-private>
