<?xml version="1.0"?>
<!DOCTYPE hibernate-mapping PUBLIC "-//Hibernate/Hibernate Mapping DTD 3.0//EN"
"http://www.hibernate.org/dtd/hibernate-mapping-3.0.dtd">
<!-- Generated 09.04.2015 08:20:19 by Hibernate Tools 4.3.1 -->
<hibernate-mapping>
    <class name="webf.hibernate.db.Course" table="course" catalog="web" optimistic-lock="version">
        <id name="coursePk" type="java.lang.Integer">
            <column name="course_pk" />
            <generator class="identity" />
        </id>
        <property name="title" type="string">
            <column name="title" length="30" not-null="true" />
        </property>
        <property name="description" type="string">
            <column name="description" length="500" not-null="true" />
        </property>
        <set name="personCourseMemberships" table="person_course_membership" inverse="true" lazy="true" fetch="select">
            <key>
                <column name="course_fk" not-null="true" />
            </key>
            <one-to-many class="webf.hibernate.db.PersonCourseMembership" />
        </set>
    </class>
</hibernate-mapping>
