<?xml version="1.0"?>
<!DOCTYPE hibernate-mapping PUBLIC "-//Hibernate/Hibernate Mapping DTD 3.0//EN"
"http://www.hibernate.org/dtd/hibernate-mapping-3.0.dtd">
<!-- Generated 08.04.2015 11:43:00 by Hibernate Tools 4.3.1 -->
<hibernate-mapping>
    <class name="webf.hibernate.db.Kurse" table="kurse" catalog="webf" optimistic-lock="version">
        <id name="kursePk" type="java.lang.Integer">
            <column name="kurse_pk" />
            <generator class="identity" />
        </id>
        <property name="beschreibung" type="string">
            <column name="beschreibung" length="500" not-null="true" />
        </property>
        <set name="persons" table="person_kurse_memebership" inverse="false" lazy="true" fetch="select">
            <key>
                <column name="kurse_fk" not-null="true" />
            </key>
            <many-to-many entity-name="webf.hibernate.db.Person">
                <column name="person_fk" not-null="true" />
            </many-to-many>
        </set>
    </class>
</hibernate-mapping>
